<?xml version="1.0" encoding="UTF-8"?>
<xml>
	<Version>1.0</Version>
	<SectionTitle>Interview</SectionTitle>
	<Author>Interview</Author>
	<SectionThumbnail>thumb.jpg</SectionThumbnail>
	<NumberOfPages>8</NumberOfPages>
	<PageSize>1024,1339</PageSize>
	<PDF>M25_INTERVIEW.pdf</PDF>
	<Pages>
		<Page>
			<PageNumber>4</PageNumber>
			<ActionBox>
				<Frame>204,161,53,53</Frame>
				<Action>
					<Type>SetImage</Type>
					<Image>이시형_72_2.jpg</Image>
					<AltImage>view_01_s.jpg</AltImage>
					<BoxID>155</BoxID>
				</Action>
			</ActionBox>
			<ActionBox>
				<Frame>288,161,53,53</Frame>
				<Action>
					<Type>SetImage</Type>
					<Image>이시형_72_3.jpg</Image>
					<AltImage>view_02_s.jpg</AltImage>
					<BoxID>155</BoxID>
				</Action>
			</ActionBox>
			<ActionBox>
				<Frame>372,161,53,53</Frame>
				<Action>
					<Type>SetImage</Type>
					<Image>이시형_72_4.jpg</Image>
					<AltImage>view_03_s.jpg</AltImage>
					<BoxID>155</BoxID>
				</Action>
			</ActionBox>
			<ActionBox>
				<Frame>455,161,53,53</Frame>
				<Action>
					<Type>SetImage</Type>
					<Image>이시형_72_5.jpg</Image>
					<AltImage>view_04_s.jpg</AltImage>
					<BoxID>155</BoxID>
				</Action>
			</ActionBox>
			<ActionBox>
				<Frame>539,161,53,53</Frame>
				<Action>
					<Type>SetImage</Type>
					<Image>이시형_72_1.jpg</Image>
					<AltImage>view_05_s.jpg</AltImage>
					<BoxID>155</BoxID>
				</Action>
			</ActionBox>
			<BoxList>
				<Box>
					<Frame>49,255,927,439</Frame>
					<BoxID>155</BoxID>
				</Box>
			</BoxList>
		</Page>
	</Pages>
</xml>
