<?xml version="1.0" encoding="UTF-8"?>
<xml>
	<Version>1.0</Version>
	<SectionTitle>Motor</SectionTitle>
	<Author>Motor</Author>
	<SectionThumbnail>thumb.jpg</SectionThumbnail>
	<NumberOfPages>10</NumberOfPages>
	<PageSize>1024,1339</PageSize>
	<PDF>M25_MOTOR.pdf</PDF>
	<Pages>
		<Page>
			<PageNumber>1</PageNumber>
			<Video>
				<Frame>819,531,204,136</Frame>
				<Filename>ad.mp4</Filename>
			</Video>
			<Slide>
				<Frame>0,0,508,436</Frame>
				<Folder>Slide_00166</Folder>
				<Order>
					<Image>아베오_72_0.jpg</Image>
					<Image>아베오_72_1.jpg</Image>
					<Image>아베오_72_2.jpg</Image>
					<Image>아베오_72_3.jpg</Image>
					<Image>아베오_72_4.jpg</Image>
					<Image>아베오_72_5.jpg</Image>
					<Image>아베오_72_6.jpg</Image>
					<Image>아베오_72_7.jpg</Image>
					<Image>아베오_72_8.jpg</Image>
					<Image>아베오_72_9.jpg</Image>
					<Image>아베오_72_10.jpg</Image>
					<Image>아베오_72_11.jpg</Image>
					<Image>아베오_72_12.jpg</Image>
					<Image>아베오_72_13.jpg</Image>
				</Order>
			</Slide>
			<Slide>
				<Frame>516,0,508,436</Frame>
				<Folder>Slide_00167</Folder>
				<Order>
					<Image>올란도_72_0.jpg</Image>
					<Image>올란도_72_1.jpg</Image>
					<Image>올란도_72_2.jpg</Image>
					<Image>올란도_72_3.jpg</Image>
					<Image>올란도_72_4.jpg</Image>
					<Image>올란도_72_5.jpg</Image>
					<Image>올란도_72_6.jpg</Image>
					<Image>올란도_72_7.jpg</Image>
					<Image>올란도_72_8.jpg</Image>
					<Image>올란도_72_10.jpg</Image>
					<Image>올란도_72_11.jpg</Image>
					<Image>올란도_72_12.jpg</Image>
					<Image>올란도_72_13.jpg</Image>
				</Order>
			</Slide>
		</Page>
	</Pages>
</xml>
