<?xml version="1.0" encoding="UTF-8"?>
<xml>
	<Version>1.0</Version>
	<SectionTitle>Cover</SectionTitle>
	<Author>Cover</Author>
	<SectionThumbnail>thumb.jpg</SectionThumbnail>
	<NumberOfPages>1</NumberOfPages>
	<PageSize>1024,1339</PageSize>
	<PDF>M25.pdf</PDF>
	<Pages>
		<Page>
			<PageNumber>1</PageNumber>
			<Video>
				<Frame>778,450,245,163</Frame>
				<Filename>main_trailer.mp4</Filename>
			</Video>
			<Slide>
				<Frame>376,783,300,169</Frame>
				<Folder>Slide_00115</Folder>
				<Order>
					<Image>bodo_s001.jpg</Image>
					<Image>bodo_s002.jpg</Image>
					<Image>bodo_s003.jpg</Image>
					<Image>bodo_s004.jpg</Image>
					<Image>bodo_s005.jpg</Image>
					<Image>bodo_s006.jpg</Image>
					<Image>bodo_s007.jpg</Image>
					<Image>bodo_s008.jpg</Image>
					<Image>bodo_s009.jpg</Image>
					<Image>bodo_s010.jpg</Image>
					<Image>bodo_s011.jpg</Image>
					<Image>bodo_s012.jpg</Image>
				</Order>
			</Slide>
		</Page>
	</Pages>
</xml>
