<?xml version="1.0" encoding="UTF-8"?>
<xml>
	<Version>1.0</Version>
	<SectionTitle>Contents</SectionTitle>
	<Author>Contents</Author>
	<SectionThumbnail>thumb.jpg</SectionThumbnail>
	<NumberOfPages>8</NumberOfPages>
	<PageSize>1024,1339</PageSize>
	<PDF>M25_CONTENS.pdf</PDF>
	<Pages>
		<Page>
			<PageNumber>1</PageNumber>
			<ActionBox>
				<Frame>746,622,60,59</Frame>
				<Action>
					<Type>GotoPage</Type>
					<SectionName>Motor</SectionName>
					<PageIndex>0</PageIndex>
				</Action>
			</ActionBox>
			<ActionBox>
				<Frame>731,895,60,59</Frame>
				<Action>
					<Type>GotoPage</Type>
					<SectionName>Culture</SectionName>
					<PageIndex>0</PageIndex>
				</Action>
			</ActionBox>
			<ActionBox>
				<Frame>833,515,60,59</Frame>
				<Action>
					<Type>GotoPage</Type>
					<SectionName>Interview</SectionName>
					<PageIndex>0</PageIndex>
				</Action>
			</ActionBox>
			<ActionBox>
				<Frame>911,151,60,59</Frame>
				<Action>
					<Type>GotoPage</Type>
					<SectionName>Cover</SectionName>
					<PageIndex>0</PageIndex>
				</Action>
			</ActionBox>
			<LinkBox>
				<Frame>160,1048,195,42</Frame>
				<URL>mailto:cuba@mediawill.com</URL>
			</LinkBox>
			<LinkBox>
				<Frame>734,1275,195,42</Frame>
				<URL>http://twitter.com/iamm25</URL>
			</LinkBox>
		</Page>
	</Pages>
</xml>
