<?xml version="1.0" encoding="UTF-8"?>
<xml>
	<Version>1.0</Version>
	<SectionTitle>Culture</SectionTitle>
	<Author>Culture</Author>
	<SectionThumbnail>thumb.jpg</SectionThumbnail>
	<NumberOfPages>9</NumberOfPages>
	<PageSize>1024,1339</PageSize>
	<PDF>M25.pdf</PDF>
	<Pages>
		<Page>
			<PageNumber>2</PageNumber>
			<ActionBox>
				<Frame>114,1157,120,91</Frame>
				<Action>
					<Type>PopUpImage</Type>
					<Image>movie_poster.png</Image>
				</Action>
			</ActionBox>
		</Page>
		<Page>
			<PageNumber>3</PageNumber>
			<Audio>
				<Frame>816,541,97,76</Frame>
				<Filename>Queen.mp3</Filename>
				<PlayImage>play_music.png</PlayImage>
				<PauseImage>play_music_pause.png</PauseImage>
				<AutoPlay>YES</AutoPlay>
			</Audio>
			<ActionBox>
				<Frame>115,1179,120,91</Frame>
				<Action>
					<Type>PopUpImage</Type>
					<Image>movie_poster2.png</Image>
				</Action>
			</ActionBox>
		</Page>
		<Page>
			<PageNumber>5</PageNumber>
			<LinkBox>
				<Frame>689,580,195,42</Frame>
				<URL>http://www.hyundaicard.com</URL>
			</LinkBox>
			<LinkBox>
				<Frame>188,1053,195,42</Frame>
				<URL>http://www.philips.co.kr</URL>
			</LinkBox>
			<LinkBox>
				<Frame>584,1220,195,42</Frame>
				<URL>http://www.anymode.net</URL>
			</LinkBox>
		</Page>
	</Pages>
</xml>
